Portfolio,"Mean CAR[2,60] (%)",T-statistic,P-value
Positive Surprise,-1.383535158220039,-4.5021009231051945,0.9999963443368082
Negative Surprise,1.0286173723252328,2.7928401012125623,0.9973503876162032
Long-Short (Pos - Neg),-2.4121525305452716,-5.028730711281953,0.9999997362897344
