Portfolio,"Mean CAR[2,60] (%)",T-statistic,P-value
Positive Surprise,0.7486973958333335,2.906734574037995,0.0018560834917333634
Negative Surprise,0.7501983557548578,2.41046850102402,0.9919668457685317
Long-Short (Pos - Neg),-0.001500959921524412,-0.003715371236043844,0.5014820720518371
