Portfolio,"Mean CAR[2,60] (%)",T-statistic,P-value
Positive Surprise,-1.0220703547480856,-3.291833914077209,0.9994893846875268
Negative Surprise,0.634398963017846,1.9057151865078739,0.9715492677727916
Long-Short (Pos - Neg),-1.6564693177659315,-3.6388821870024697,0.999860488894993
